NC_000964.3,34740,A,G,50.4146
NC_000964.3,52131,T,A,225.417
NC_000964.3,56046,A,G,225.417
NC_000964.3,58890,T,C,225.417
NC_000964.3,58992,A,C,225.417
NC_000964.3,59250,G,A,225.417
NC_000964.3,59376,T,A,228.419
NC_000964.3,59872,G,A,225.417
NC_000964.3,60122,A,T,228.393
NC_000964.3,60300,C,T,225.422
NC_000964.3,60594,C,A,225.417
NC_000964.3,60798,T,G,225.417
NC_000964.3,60873,T,C,225.417
NC_000964.3,60963,G,T,225.417
NC_000964.3,60985,C,T,225.417
NC_000964.3,62826,C,T,225.417
NC_000964.3,116949,C,T,225.417
NC_000964.3,165747,ATCTC,ATC,228.355
NC_000964.3,165751,C,T,225.417
NC_000964.3,165825,GC,GCC,228.344
NC_000964.3,166037,A,AT,228.345
NC_000964.3,166343,AGG,AG,228.306
NC_000964.3,166344,G,A,18.44
NC_000964.3,166704,C,A,35.2579
NC_000964.3,171679,TA,T,84.2653
NC_000964.3,284187,C,A,225.422
NC_000964.3,325548,A,C,228.382
NC_000964.3,376017,AGGGGGGGG,AGGGGGGG,228.271
NC_000964.3,391616,G,A,225.417
NC_000964.3,407667,CTT,CT,228.366
NC_000964.3,418776,A,T,225.417
NC_000964.3,431866,T,C,225.421
NC_000964.3,465999,AGGGGG,AGGGG,228.385
NC_000964.3,490580,GTTTTTTTTTTTTTTTTT,GTTTTTTTTTTTTTTTTTT,141.154
NC_000964.3,529419,ATC,ATCTC,228.2
NC_000964.3,529425,G,A,225.417
NC_000964.3,552272,A,G,225.417
NC_000964.3,557865,GTTTTT,GTTTTTT,228.409
NC_000964.3,603885,A,C,228.423
NC_000964.3,608214,GAAAAA,GAAAAAA,228.333
NC_000964.3,675995,A,G,225.417
NC_000964.3,676182,C,A,225.417
NC_000964.3,678559,C,T,225.417
NC_000964.3,679080,GAAAAAAA,GAAAAAA,228.362
NC_000964.3,679235,T,G,225.417
NC_000964.3,679243,T,C,228.382
NC_000964.3,679276,T,A,228.303
NC_000964.3,679291,CTTTTTT,CTTTTT,228.237
NC_000964.3,679506,T,C,225.417
NC_000964.3,679734,T,G,225.417
NC_000964.3,679946,C,T,225.422
NC_000964.3,680130,T,C,225.417
NC_000964.3,680138,G,A,225.417
NC_000964.3,680145,C,A,225.417
NC_000964.3,680153,A,G,225.417
NC_000964.3,680157,A,G,225.417
NC_000964.3,680192,A,G,225.417
NC_000964.3,680238,G,T,225.417
NC_000964.3,680258,A,G,225.417
NC_000964.3,680279,G,A,225.422
NC_000964.3,680291,T,C,225.417
NC_000964.3,680325,G,A,225.422
NC_000964.3,680441,T,A,225.417
NC_000964.3,680478,A,C,228.419
NC_000964.3,680573,A,G,225.417
NC_000964.3,680603,A,G,225.417
NC_000964.3,680627,A,G,228.42
NC_000964.3,680690,T,C,225.417
NC_000964.3,680702,G,A,225.417
NC_000964.3,680744,G,A,225.417
NC_000964.3,680753,C,T,225.422
NC_000964.3,680804,G,A,225.417
NC_000964.3,680837,G,A,225.417
NC_000964.3,680860,T,C,225.417
NC_000964.3,680867,T,A,225.417
NC_000964.3,680891,G,A,225.417
NC_000964.3,680967,C,T,225.417
NC_000964.3,681100,A,G,228.415
NC_000964.3,681227,G,A,225.417
NC_000964.3,681423,C,T,225.417
NC_000964.3,681502,T,C,228.418
NC_000964.3,681504,C,T,228.381
NC_000964.3,681639,G,A,225.417
NC_000964.3,681661,T,C,225.421
NC_000964.3,681735,C,T,228.376
NC_000964.3,681880,A,G,225.417
NC_000964.3,681967,A,G,228.401
NC_000964.3,681994,C,G,225.417
NC_000964.3,682045,C,T,225.417
NC_000964.3,682075,A,G,228.403
NC_000964.3,682105,A,G,228.418
NC_000964.3,682238,A,G,225.417
NC_000964.3,682307,C,T,225.417
NC_000964.3,682319,T,A,228.331
NC_000964.3,682349,A,G,225.417
NC_000964.3,682444,C,T,225.417
NC_000964.3,682671,T,G,228.418
NC_000964.3,682681,AGAT,A,228.389
NC_000964.3,682878,C,T,225.417
NC_000964.3,682882,A,G,225.417
NC_000964.3,682942,A,T,228.417
NC_000964.3,683010,C,T,228.408
NC_000964.3,683041,C,T,225.417
NC_000964.3,683074,G,A,225.417
NC_000964.3,683080,C,A,225.417
NC_000964.3,683301,T,A,228.424
NC_000964.3,683329,A,T,225.417
NC_000964.3,683336,G,A,225.417
NC_000964.3,683350,A,G,225.422
NC_000964.3,683359,G,C,225.417
NC_000964.3,683377,CTTTT,CTTTTT,110.183
NC_000964.3,683383,T,C,225.422
NC_000964.3,683426,A,G,225.417
NC_000964.3,683477,A,T,225.417
NC_000964.3,683741,G,A,228.409
NC_000964.3,683795,G,C,225.422
NC_000964.3,683806,T,C,225.417
NC_000964.3,683842,G,C,225.417
NC_000964.3,684104,G,A,225.417
NC_000964.3,684188,A,C,225.417
NC_000964.3,684263,T,C,225.417
NC_000964.3,684395,A,G,225.417
NC_000964.3,684491,T,A,225.421
NC_000964.3,684548,A,G,225.422
NC_000964.3,684755,C,T,225.421
NC_000964.3,684833,T,C,225.422
NC_000964.3,685094,C,A,225.421
NC_000964.3,685097,G,A,225.417
NC_000964.3,685173,T,C,225.417
NC_000964.3,685247,G,A,228.391
NC_000964.3,685725,G,C,225.417
NC_000964.3,694239,T,C,225.417
NC_000964.3,694544,G,T,225.417
NC_000964.3,694555,A,G,225.417
NC_000964.3,694755,T,C,225.417
NC_000964.3,694910,C,T,225.417
NC_000964.3,700392,T,A,225.417
NC_000964.3,705078,A,C,225.421
NC_000964.3,705261,T,C,225.417
NC_000964.3,705324,A,G,225.422
NC_000964.3,705515,A,G,225.417
NC_000964.3,705617,T,G,225.417
NC_000964.3,705794,C,T,225.417
NC_000964.3,705818,C,T,225.422
NC_000964.3,705995,A,G,225.422
NC_000964.3,706034,C,T,225.417
NC_000964.3,706109,A,G,225.417
NC_000964.3,706520,G,A,225.417
NC_000964.3,706523,A,C,225.417
NC_000964.3,706556,A,T,225.417
NC_000964.3,706625,C,T,225.417
NC_000964.3,706634,C,T,225.417
NC_000964.3,707029,A,C,225.417
NC_000964.3,707404,G,A,225.422
NC_000964.3,707485,A,T,225.422
NC_000964.3,707488,T,C,225.422
NC_000964.3,707809,T,C,225.417
NC_000964.3,707816,T,C,225.417
NC_000964.3,707836,A,G,225.417
NC_000964.3,707872,T,G,225.417
NC_000964.3,707890,A,T,225.422
NC_000964.3,707921,G,A,225.417
NC_000964.3,708066,C,T,225.417
NC_000964.3,708174,C,T,225.417
NC_000964.3,708207,T,C,225.417
NC_000964.3,708263,C,T,225.426
NC_000964.3,708285,G,A,225.417
NC_000964.3,708288,C,T,225.417
NC_000964.3,708315,G,A,225.417
NC_000964.3,708339,A,G,225.417
NC_000964.3,708363,A,G,225.422
NC_000964.3,708516,A,G,225.417
NC_000964.3,708611,A,G,225.417
NC_000964.3,708675,G,A,225.417
NC_000964.3,708761,T,C,228.412
NC_000964.3,708794,A,T,228.419
NC_000964.3,708929,A,G,228.416
NC_000964.3,708941,G,A,225.417
NC_000964.3,708992,C,T,225.417
NC_000964.3,709356,G,A,225.422
NC_000964.3,709364,T,G,225.417
NC_000964.3,709418,T,C,228.423
NC_000964.3,709433,C,T,225.417
NC_000964.3,709436,G,A,225.417
NC_000964.3,709685,G,A,225.417
NC_000964.3,709694,C,T,225.417
NC_000964.3,743128,C,A,225.417
NC_000964.3,745194,T,C,225.417
NC_000964.3,766594,A,G,225.417
NC_000964.3,863936,A,C,228.415
NC_000964.3,889818,T,G,225.417
NC_000964.3,959303,GATTATT,GATT,228.37
NC_000964.3,1083150,TCC,TCCC,228.328
NC_000964.3,1106982,C,A,225.417
NC_000964.3,1129968,T,C,228.42
NC_000964.3,1162613,T,C,225.417
NC_000964.3,1178642,A,G,225.417
NC_000964.3,1213993,GAAAAAAA,GAAAAAAAA,228.296
NC_000964.3,1224524,T,G,225.417
NC_000964.3,1264284,T,A,228.425
NC_000964.3,1267467,G,A,222.401
NC_000964.3,1267481,A,T,222.389
NC_000964.3,1267503,C,T,222.315
NC_000964.3,1317152,G,GGTC,228.409
NC_000964.3,1317153,C,T,228.313
NC_000964.3,1317651,G,T,222.029
NC_000964.3,1317678,G,A,221.792
NC_000964.3,1317681,C,T,221.84
NC_000964.3,1317684,A,T,221.832
NC_000964.3,1317708,G,C,221.462
NC_000964.3,1317711,C,T,221.42
NC_000964.3,1317717,T,C,221.547
NC_000964.3,1317718,C,A,221.515
NC_000964.3,1317726,G,T,221.643
NC_000964.3,1342208,T,C,225.417
NC_000964.3,1399849,C,A,225.417
NC_000964.3,1424639,T,G,225.422
NC_000964.3,1500643,C,T,225.417
NC_000964.3,1555679,G,A,228.403
NC_000964.3,1573413,G,A,225.422
NC_000964.3,1597248,C,T,225.417
NC_000964.3,1644736,G,C,225.417
NC_000964.3,1675849,C,T,228.384
NC_000964.3,1709654,A,T,225.422
NC_000964.3,1741603,AGGGGGGG,AGGGGGG,228.36
NC_000964.3,1750041,G,C,225.417
NC_000964.3,1754362,T,A,225.417
NC_000964.3,1757227,G,A,228.416
NC_000964.3,1761286,AGTGTGTG,AGTGTGTGTG,228.309
NC_000964.3,1810735,T,A,225.417
NC_000964.3,1810764,G,A,225.417
NC_000964.3,1810801,G,A,225.417
NC_000964.3,1810902,G,A,225.417
NC_000964.3,1810932,T,G,225.417
NC_000964.3,1810956,G,C,225.417
NC_000964.3,1810961,G,A,225.417
NC_000964.3,1811048,C,T,228.391
NC_000964.3,1811052,A,G,225.417
NC_000964.3,1811053,C,G,228.41
NC_000964.3,1811061,G,A,225.417
NC_000964.3,1811301,G,A,228.412
NC_000964.3,1811343,A,G,228.353
NC_000964.3,1811470,T,C,225.417
NC_000964.3,1811632,G,A,225.417
NC_000964.3,1811716,A,G,228.347
NC_000964.3,1811768,G,A,225.417
NC_000964.3,1811880,C,G,225.421
NC_000964.3,1811902,A,G,225.417
NC_000964.3,1811954,A,C,225.417
NC_000964.3,1811965,T,C,225.417
NC_000964.3,1812027,G,A,225.417
NC_000964.3,1812028,T,C,225.417
NC_000964.3,1812342,G,C,228.418
NC_000964.3,1812516,G,T,225.417
NC_000964.3,1812540,C,T,225.417
NC_000964.3,1812717,C,T,225.417
NC_000964.3,1812741,T,C,225.422
NC_000964.3,1812774,G,A,225.417
NC_000964.3,1812969,A,C,225.417
NC_000964.3,1812990,T,C,225.417
NC_000964.3,1813152,A,G,225.417
NC_000964.3,1813155,G,C,225.422
NC_000964.3,1836670,G,A,225.417
NC_000964.3,1879714,G,A,222.162
NC_000964.3,1879720,A,T,222.145
NC_000964.3,1879732,A,G,222.149
NC_000964.3,1879741,G,A,222.167
NC_000964.3,1879761,A,C,222.298
NC_000964.3,1879781,A,T,222.397
NC_000964.3,1879782,A,T,222.39
NC_000964.3,1879783,A,G,222.401
NC_000964.3,1955808,C,T,225.417
NC_000964.3,1960368,G,T,225.417
NC_000964.3,1960370,C,T,225.417
NC_000964.3,1960371,C,T,225.417
NC_000964.3,1960384,G,A,225.417
NC_000964.3,1960426,G,C,225.417
NC_000964.3,1961003,C,T,225.417
NC_000964.3,1961491,A,G,228.345
NC_000964.3,1963341,T,C,225.417
NC_000964.3,1971089,T,C,225.417
NC_000964.3,1971221,C,T,225.417
NC_000964.3,1971545,G,A,228.419
NC_000964.3,1971546,C,T,225.417
NC_000964.3,1971659,G,C,225.417
NC_000964.3,1971700,T,C,225.417
NC_000964.3,1971726,A,G,225.417
NC_000964.3,1971749,A,G,225.422
NC_000964.3,1971753,A,G,225.417
NC_000964.3,1971779,A,G,225.422
NC_000964.3,1971794,A,T,225.417
NC_000964.3,1971797,T,C,225.422
NC_000964.3,1971799,A,G,225.417
NC_000964.3,1971812,G,A,225.417
NC_000964.3,1971815,T,C,225.417
NC_000964.3,1971821,T,A,225.417
NC_000964.3,1971860,A,G,225.417
NC_000964.3,1971868,T,G,225.417
NC_000964.3,1971899,C,G,225.417
NC_000964.3,1971905,C,A,225.417
NC_000964.3,1971908,T,C,228.394
NC_000964.3,1971911,C,T,225.417
NC_000964.3,1971929,C,T,225.417
NC_000964.3,1971962,A,G,225.417
NC_000964.3,1972120,T,C,228.364
NC_000964.3,1972844,G,C,225.417
NC_000964.3,1972874,T,A,225.417
NC_000964.3,1972961,C,T,225.417
NC_000964.3,1973146,G,A,225.422
NC_000964.3,1973213,A,C,225.417
NC_000964.3,1973252,T,C,225.417
NC_000964.3,1973255,C,T,225.417
NC_000964.3,1973419,G,A,225.417
NC_000964.3,1973831,C,T,225.417
NC_000964.3,1973930,A,T,225.417
NC_000964.3,1974068,C,T,225.417
NC_000964.3,1974122,A,T,225.417
NC_000964.3,1974254,A,G,225.417
NC_000964.3,1974341,T,A,225.417
NC_000964.3,1974422,A,G,225.422
NC_000964.3,1974440,G,A,225.417
NC_000964.3,1974445,A,T,228.416
NC_000964.3,1974704,T,A,225.417
NC_000964.3,1974904,A,T,225.417
NC_000964.3,1984830,T,A,225.417
NC_000964.3,1984835,C,A,225.417
NC_000964.3,1999978,C,T,225.417
NC_000964.3,2000143,C,G,225.417
NC_000964.3,2000284,T,C,225.417
NC_000964.3,2000286,T,C,225.422
NC_000964.3,2000302,A,C,225.417
NC_000964.3,2000404,A,G,225.417
NC_000964.3,2000419,C,A,225.417
NC_000964.3,2000421,G,A,225.417
NC_000964.3,2000431,A,G,225.417
NC_000964.3,2000468,C,T,225.417
NC_000964.3,2000481,G,T,225.417
NC_000964.3,2000487,T,C,225.417
NC_000964.3,2000494,G,T,225.417
NC_000964.3,2000497,A,G,225.417
NC_000964.3,2000524,G,A,225.417
NC_000964.3,2000695,A,T,225.417
NC_000964.3,2000975,T,G,225.417
NC_000964.3,2001164,T,C,225.417
NC_000964.3,2001229,G,A,225.422
NC_000964.3,2001341,G,A,228.396
NC_000964.3,2001362,A,C,225.417
NC_000964.3,2001383,G,A,225.417
NC_000964.3,2001398,T,C,225.417
NC_000964.3,2001602,G,A,225.417
NC_000964.3,2001899,C,T,225.417
NC_000964.3,2002043,T,C,225.417
NC_000964.3,2002100,T,G,225.417
NC_000964.3,2002133,C,T,225.426
NC_000964.3,2002395,CAT,C,228.386
NC_000964.3,2002446,T,A,225.417
NC_000964.3,2002543,TAAAAAA,TAAAAAAA,228.359
NC_000964.3,2002873,T,C,225.417
NC_000964.3,2003083,T,C,225.417
NC_000964.3,2003131,T,C,225.417
NC_000964.3,2003189,C,T,225.417
NC_000964.3,2003437,C,T,225.417
NC_000964.3,2003593,T,C,225.417
NC_000964.3,2003650,C,G,225.417
NC_000964.3,2003827,A,G,225.417
NC_000964.3,2003969,T,C,225.417
NC_000964.3,2003977,A,G,225.417
NC_000964.3,2004030,G,A,228.415
NC_000964.3,2004039,T,A,225.417
NC_000964.3,2004089,C,A,225.417
NC_000964.3,2004090,C,A,225.417
NC_000964.3,2004140,C,T,225.417
NC_000964.3,2004169,A,C,225.417
NC_000964.3,2004177,A,T,225.417
NC_000964.3,2004188,T,C,225.417
NC_000964.3,2004199,A,G,225.422
NC_000964.3,2004223,CAAAAA,CAAAAAAA,228.122
NC_000964.3,2004229,T,C,225.421
NC_000964.3,2004232,AC,A,36.6718
NC_000964.3,2004233,C,A,T,88.9817
NC_000964.3,2004248,T,C,225.422
NC_000964.3,2004367,T,C,225.417
NC_000964.3,2004370,C,T,225.417
NC_000964.3,2004391,C,T,225.417
NC_000964.3,2004429,A,G,225.422
NC_000964.3,2004562,C,T,228.414
NC_000964.3,2011091,G,A,225.422
NC_000964.3,2035118,T,C,225.417
NC_000964.3,2040305,T,C,228.403
NC_000964.3,2041099,A,G,225.417
NC_000964.3,2097080,CAAAAAAA,CAAAAAAAA,228.166
NC_000964.3,2099716,A,T,225.417
NC_000964.3,2147074,G,A,228.418
NC_000964.3,2339354,G,A,225.422
NC_000964.3,2360122,A,C,225.417
NC_000964.3,2360227,A,G,225.417
NC_000964.3,2360290,T,C,225.417
NC_000964.3,2360416,A,G,225.417
NC_000964.3,2360440,T,G,225.417
NC_000964.3,2360472,T,G,225.417
NC_000964.3,2362782,T,A,225.417
NC_000964.3,2362785,A,G,225.417
NC_000964.3,2362787,G,A,225.417
NC_000964.3,2362878,G,T,225.417
NC_000964.3,2363039,T,A,225.417
NC_000964.3,2374558,CAATAA,CAATAATAA,228.296
NC_000964.3,2377681,A,G,225.417
NC_000964.3,2403053,GCGCCTTCACCGCCTTCACC,GCGCCTTCACC,228.345
NC_000964.3,2421606,T,C,225.422
NC_000964.3,2480646,T,A,225.417
NC_000964.3,2480647,A,T,225.417
NC_000964.3,2480653,CT,C,225.417
NC_000964.3,2480666,GT,G,228.413
NC_000964.3,2519065,G,A,225.417
NC_000964.3,2541475,T,C,225.417
NC_000964.3,2548530,G,A,225.417
NC_000964.3,2548709,T,C,225.417
NC_000964.3,2548869,T,C,225.417
NC_000964.3,2548874,T,C,228.38
NC_000964.3,2548917,A,G,225.417
NC_000964.3,2548938,C,T,225.417
NC_000964.3,2549106,C,T,225.417
NC_000964.3,2549157,C,T,225.417
NC_000964.3,2549325,T,G,225.417
NC_000964.3,2549909,G,T,225.417
NC_000964.3,2550086,G,A,225.417
NC_000964.3,2550656,T,C,225.417
NC_000964.3,2550665,C,A,225.422
NC_000964.3,2550740,A,G,225.417
NC_000964.3,2550818,G,A,225.417
NC_000964.3,2550848,C,T,225.417
NC_000964.3,2550866,T,C,225.417
NC_000964.3,2550872,C,T,225.417
NC_000964.3,2550875,G,A,225.417
NC_000964.3,2550887,C,T,225.417
NC_000964.3,2550920,C,G,225.417
NC_000964.3,2550936,C,T,225.417
NC_000964.3,2551127,C,T,225.417
NC_000964.3,2551331,C,T,225.417
NC_000964.3,2551334,T,G,225.417
NC_000964.3,2551423,T,A,228.4
NC_000964.3,2551744,C,T,225.417
NC_000964.3,2552273,C,T,225.417
NC_000964.3,2553071,T,A,225.417
NC_000964.3,2553073,T,G,228.415
NC_000964.3,2553099,A,G,225.417
NC_000964.3,2553123,G,A,225.417
NC_000964.3,2553129,A,G,225.422
NC_000964.3,2553186,T,C,225.417
NC_000964.3,2553240,T,G,225.417
NC_000964.3,2553264,C,T,225.417
NC_000964.3,2553345,A,G,225.422
NC_000964.3,2553419,C,T,225.417
NC_000964.3,2553498,G,A,225.417
NC_000964.3,2553617,G,A,225.417
NC_000964.3,2553872,G,A,225.422
NC_000964.3,2554026,A,C,228.417
NC_000964.3,2554104,G,T,225.417
NC_000964.3,2554134,C,T,225.422
NC_000964.3,2554251,C,A,225.417
NC_000964.3,2554296,G,A,228.419
NC_000964.3,2554313,T,C,225.417
NC_000964.3,2554323,G,T,225.417
NC_000964.3,2554401,T,C,228.371
NC_000964.3,2554552,T,A,225.417
NC_000964.3,2554604,G,T,225.417
NC_000964.3,2554612,T,C,228.421
NC_000964.3,2554697,C,G,225.417
NC_000964.3,2554795,G,C,225.422
NC_000964.3,2554822,G,A,225.417
NC_000964.3,2554833,A,T,225.417
NC_000964.3,2555364,T,C,225.417
NC_000964.3,2581726,GTTTTTT,GTTTTTTT,228.351
NC_000964.3,2661107,A,G,222.019
NC_000964.3,2661125,C,A,221.843
NC_000964.3,2661126,T,C,221.792
NC_000964.3,2661131,C,T,221.98
NC_000964.3,2661132,A,T,221.887
NC_000964.3,2661137,G,A,221.895
NC_000964.3,2661146,G,C,221.984
NC_000964.3,2661149,A,T,222.007
NC_000964.3,2661153,C,A,222.027
NC_000964.3,2661155,G,A,222.018
NC_000964.3,2661183,G,A,222.249
NC_000964.3,2661200,G,A,222.213
NC_000964.3,2661212,T,C,222.247
NC_000964.3,2661215,A,T,222.228
NC_000964.3,2661230,C,T,222.273
NC_000964.3,2661242,C,T,222.3
NC_000964.3,2661248,C,T,222.279
NC_000964.3,2661251,T,A,222.299
NC_000964.3,2661260,T,C,222.323
NC_000964.3,2661281,A,G,222.323
NC_000964.3,2661284,T,C,222.286
NC_000964.3,2661309,T,C,222.311
NC_000964.3,2661326,T,A,222.295
NC_000964.3,2661329,T,A,222.312
NC_000964.3,2661332,C,T,222.299
NC_000964.3,2661351,T,A,222.197
NC_000964.3,2661353,T,C,222.198
NC_000964.3,2661356,A,G,222.164
NC_000964.3,2661362,T,C,222.187
NC_000964.3,2661367,A,G,222.189
NC_000964.3,2661650,A,G,221.575
NC_000964.3,2661659,T,C,221.639
NC_000964.3,2661665,T,A,108.818
NC_000964.3,2661666,T,C,108.789
NC_000964.3,2661668,A,C,103.661
NC_000964.3,2661671,G,A,108.813
NC_000964.3,2661674,T,C,96.7617
NC_000964.3,2661677,G,A,96.7901
NC_000964.3,2661681,G,A,117.922
NC_000964.3,2661685,A,C,131.965
NC_000964.3,2661692,A,G,142.143
NC_000964.3,2661695,C,T,149.296
NC_000964.3,2661704,T,C,220.665
NC_000964.3,2661707,T,C,220.746
NC_000964.3,2661719,G,C,220.914
NC_000964.3,2661731,A,G,220.713
NC_000964.3,2661740,G,A,220.571
NC_000964.3,2661741,A,G,220.534
NC_000964.3,2661743,T,C,220.584
NC_000964.3,2661755,T,A,220.472
NC_000964.3,2661767,G,A,220.268
NC_000964.3,2661776,A,G,67.0641
NC_000964.3,2661779,A,T,65.0686
NC_000964.3,2661782,C,T,60.996
NC_000964.3,2661785,C,T,74.2872
NC_000964.3,2661789,T,G,78.3657
NC_000964.3,2661791,T,C,85.2707
NC_000964.3,2661797,G,A,66.0254
NC_000964.3,2661800,C,T,73.1918
NC_000964.3,2661803,A,G,80.1614
NC_000964.3,2661809,G,C,74.1852
NC_000964.3,2661820,G,T,78.1661
NC_000964.3,2661821,A,G,74.117
NC_000964.3,2661824,T,A,72.1483
NC_000964.3,2661836,A,G,71.2321
NC_000964.3,2661839,A,G,73.1921
NC_000964.3,2661842,A,G,67.1416
NC_000964.3,2661845,G,T,81.3095
NC_000964.3,2661848,G,A,73.3112
NC_000964.3,2661851,C,T,80.2976
NC_000964.3,2661853,G,A,81.3427
NC_000964.3,2661854,A,G,79.2846
NC_000964.3,2661863,T,C,97.5536
NC_000964.3,2661869,G,A,79.2848
NC_000964.3,2661870,T,A,90.4261
NC_000964.3,2661872,T,G,93.4107
NC_000964.3,2661880,C,T,222.298
NC_000964.3,2661899,A,G,222.393
NC_000964.3,2661902,G,A,222.39
NC_000964.3,2661908,T,C,222.405
NC_000964.3,2661935,T,C,222.406
NC_000964.3,2661941,G,C,222.385
NC_000964.3,2661953,T,A,222.253
NC_000964.3,2661959,C,T,222.21
NC_000964.3,2662048,C,G,222.014
NC_000964.3,2662049,T,C,221.994
NC_000964.3,2662057,G,T,221.999
NC_000964.3,2662067,T,G,221.912
NC_000964.3,2662076,A,T,221.194
NC_000964.3,2662079,T,C,221.266
NC_000964.3,2662085,A,G,221.122
NC_000964.3,2662086,T,A,221.168
NC_000964.3,2662088,G,C,221.051
NC_000964.3,2662090,A,C,221.031
NC_000964.3,2662091,T,C,221.043
NC_000964.3,2662093,G,A,221.195
NC_000964.3,2662106,T,G,222.241
NC_000964.3,2662109,C,T,222.243
NC_000964.3,2662113,G,A,222.259
NC_000964.3,2662115,A,C,222.235
NC_000964.3,2662124,A,G,222.315
NC_000964.3,2662136,C,T,222.377
NC_000964.3,2662139,T,C,222.365
NC_000964.3,2662142,C,T,222.377
NC_000964.3,2662169,T,C,222.351
NC_000964.3,2662172,A,T,222.346
NC_000964.3,2662175,T,C,222.313
NC_000964.3,2662178,T,A,222.315
NC_000964.3,2662187,T,C,222.294
NC_000964.3,2662196,T,C,222.262
NC_000964.3,2662202,T,A,222.28
NC_000964.3,2662208,A,T,222.154
NC_000964.3,2662211,A,C,222.122
NC_000964.3,2662214,C,G,222.111
NC_000964.3,2662223,C,T,221.963
NC_000964.3,2665122,A,G,35.8955
NC_000964.3,2665125,A,C,34.82
NC_000964.3,2665134,A,G,21.7894
NC_000964.3,2665140,T,G,6.45992
NC_000964.3,2665143,A,G,5.79054
NC_000964.3,2665682,G,A,173.481
NC_000964.3,2665685,A,G,170.532
NC_000964.3,2665691,T,A,176.497
NC_000964.3,2665700,A,G,219.96
NC_000964.3,2665703,T,C,220.082
NC_000964.3,2665709,T,C,220.074
NC_000964.3,2665724,T,A,219.965
NC_000964.3,2665730,G,A,220.205
NC_000964.3,2665733,T,C,220.137
NC_000964.3,2665736,T,A,220.309
NC_000964.3,2665739,T,A,220.222
NC_000964.3,2665744,A,T,220.34
NC_000964.3,2665745,A,T,220.381
NC_000964.3,2665751,A,G,220.568
NC_000964.3,2665754,T,A,220.513
NC_000964.3,2665760,A,T,220.544
NC_000964.3,2665763,T,A,220.661
NC_000964.3,2665769,A,C,221.414
NC_000964.3,2665790,C,A,221.546
NC_000964.3,2665793,T,C,221.605
NC_000964.3,2665801,A,G,221.318
NC_000964.3,2665802,A,G,221.344
NC_000964.3,2665805,T,A,221.41
NC_000964.3,2665811,T,C,221.407
NC_000964.3,2665820,T,C,221.317
NC_000964.3,2665823,T,C,221.374
NC_000964.3,2665835,G,A,220.956
NC_000964.3,2691473,C,A,222.356
NC_000964.3,2691486,T,A,222.372
NC_000964.3,2694863,G,A,225.417
NC_000964.3,2712193,ATTTTTTT,ATTTTTTTT,228.291
NC_000964.3,2725904,T,A,225.417
NC_000964.3,2725929,T,C,225.422
NC_000964.3,2726584,C,T,225.422
NC_000964.3,2726616,T,C,225.417
NC_000964.3,2726625,T,C,225.417
NC_000964.3,2726704,A,G,225.417
NC_000964.3,2726746,T,G,225.417
NC_000964.3,2726765,C,T,225.422
NC_000964.3,2726805,A,T,225.417
NC_000964.3,2726841,T,G,228.418
NC_000964.3,2726865,T,C,225.417
NC_000964.3,2726889,T,C,225.417
NC_000964.3,2726912,C,T,225.417
NC_000964.3,2726937,G,A,225.417
NC_000964.3,2726995,C,A,225.417
NC_000964.3,2727000,A,G,225.417
NC_000964.3,2727256,A,G,225.417
NC_000964.3,2727267,T,A,225.417
NC_000964.3,2727275,C,T,225.417
NC_000964.3,2727301,A,C,225.422
NC_000964.3,2727305,G,T,228.382
NC_000964.3,2727324,G,A,225.417
NC_000964.3,2727549,A,G,225.417
NC_000964.3,2727574,T,A,225.417
NC_000964.3,2727583,C,T,225.417
NC_000964.3,2727646,T,A,225.417
NC_000964.3,2727703,C,T,225.417
NC_000964.3,2727739,G,A,225.417
NC_000964.3,2727797,A,C,225.417
NC_000964.3,2727799,T,C,225.417
NC_000964.3,2727832,T,C,225.417
NC_000964.3,2727889,G,A,225.417
NC_000964.3,2727943,T,C,225.417
NC_000964.3,2727982,G,C,225.417
NC_000964.3,2727983,G,A,225.417
NC_000964.3,2728018,C,T,225.417
NC_000964.3,2728030,A,C,228.418
NC_000964.3,2728060,G,A,225.417
NC_000964.3,2728071,A,C,225.421
NC_000964.3,2728082,G,C,225.417
NC_000964.3,2728122,T,C,225.417
NC_000964.3,2728608,A,T,225.417
NC_000964.3,2728621,ATCATT,AT,228.384
NC_000964.3,2728632,C,A,228.416
NC_000964.3,2728740,A,T,225.417
NC_000964.3,2728755,C,T,225.417
NC_000964.3,2728785,T,C,225.417
NC_000964.3,2728800,C,T,225.417
NC_000964.3,2728815,T,C,225.417
NC_000964.3,2728929,A,T,225.417
NC_000964.3,2728944,G,A,225.422
NC_000964.3,2729086,T,A,225.417
NC_000964.3,2729108,C,T,225.417
NC_000964.3,2729110,T,A,225.417
NC_000964.3,2729300,A,G,225.417
NC_000964.3,2729345,T,C,225.417
NC_000964.3,2729588,C,T,225.417
NC_000964.3,2729834,G,A,225.417
NC_000964.3,2733001,A,G,221.539
NC_000964.3,2733013,A,T,221.863
NC_000964.3,2733016,A,T,221.723
NC_000964.3,2733022,C,T,221.825
NC_000964.3,2733037,T,C,221.775
NC_000964.3,2733052,A,G,221.855
NC_000964.3,2733057,G,T,222.098
NC_000964.3,2733063,T,C,221.998
NC_000964.3,2733076,C,A,222.059
NC_000964.3,2733077,G,T,222.041
NC_000964.3,2733078,C,T,222.064
NC_000964.3,2733100,T,C,221.511
NC_000964.3,2733103,G,A,221.567
NC_000964.3,2733106,T,C,221.48
NC_000964.3,2733107,C,T,221.528
NC_000964.3,2733112,T,A,221.607
NC_000964.3,2733115,G,A,221.661
NC_000964.3,2733133,T,A,222.039
NC_000964.3,2733154,C,T,222.32
NC_000964.3,2733163,A,G,222.362
NC_000964.3,2733178,G,A,222.397
NC_000964.3,2733181,G,T,222.405
NC_000964.3,2733202,G,A,222.391
NC_000964.3,2733207,A,G,222.391
NC_000964.3,2733217,G,T,222.397
NC_000964.3,2733226,G,T,222.374
NC_000964.3,2733228,T,A,222.373
NC_000964.3,2733231,T,A,222.345
NC_000964.3,2733239,A,G,222.385
NC_000964.3,2733250,T,C,222.379
NC_000964.3,2733256,T,C,222.376
NC_000964.3,2733262,C,T,222.377
NC_000964.3,2733265,A,G,222.359
NC_000964.3,2733274,G,A,222.348
NC_000964.3,2733277,G,A,222.327
NC_000964.3,2733280,A,G,222.325
NC_000964.3,2733287,G,T,222.345
NC_000964.3,2733301,G,C,222.226
NC_000964.3,2733304,T,C,222.202
NC_000964.3,2733311,T,C,222.197
NC_000964.3,2733313,C,A,222.196
NC_000964.3,2733319,C,T,222.235
NC_000964.3,2733322,A,T,222.216
NC_000964.3,2733331,C,T,222.393
NC_000964.3,2733337,T,A,222.394
NC_000964.3,2733346,T,C,222.327
NC_000964.3,2733360,G,A,222.296
NC_000964.3,2733361,G,A,222.315
NC_000964.3,2733366,A,T,222.268
NC_000964.3,2733371,T,C,222.205
NC_000964.3,2733372,G,T,222.229
NC_000964.3,2733376,T,A,222.218
NC_000964.3,2733389,T,G,222.311
NC_000964.3,2733391,T,C,222.313
NC_000964.3,2733403,G,T,222.351
NC_000964.3,2733406,T,C,222.316
NC_000964.3,2733415,T,A,222.326
NC_000964.3,2733427,T,A,222.327
NC_000964.3,2733432,C,T,222.352
NC_000964.3,2733439,T,C,222.33
NC_000964.3,2733442,A,T,222.344
NC_000964.3,2733462,T,C,222.162
NC_000964.3,2733464,A,G,222.145
NC_000964.3,2733465,C,G,222.113
NC_000964.3,2733472,C,T,222.235
NC_000964.3,2733475,T,C,222.153
NC_000964.3,2733478,C,T,222.249
NC_000964.3,2733490,A,G,222.287
NC_000964.3,2733496,G,A,222.32
NC_000964.3,2733508,T,C,221.952
NC_000964.3,2733514,C,T,221.837
NC_000964.3,2733520,G,T,221.823
NC_000964.3,2788566,A,C,225.417
NC_000964.3,2788824,C,G,225.417
NC_000964.3,2788825,T,C,225.417
NC_000964.3,2814070,C,T,225.417
NC_000964.3,2820515,C,CA,228.387
NC_000964.3,2893906,G,A,225.422
NC_000964.3,2905233,G,A,225.417
NC_000964.3,2905253,C,T,225.417
NC_000964.3,2905365,A,G,225.417
NC_000964.3,2905444,T,C,225.422
NC_000964.3,2905448,G,A,225.417
NC_000964.3,2905450,A,C,228.418
NC_000964.3,2905898,A,G,225.422
NC_000964.3,2906018,G,A,228.384
NC_000964.3,2906051,T,C,225.417
NC_000964.3,2906069,A,G,225.417
NC_000964.3,2906081,A,G,225.422
NC_000964.3,2906108,A,G,225.417
NC_000964.3,2906267,A,G,225.417
NC_000964.3,2906282,A,G,225.417
NC_000964.3,2906467,A,G,225.417
NC_000964.3,2906995,A,G,225.417
NC_000964.3,2907016,C,T,228.41
NC_000964.3,2907067,A,G,225.422
NC_000964.3,2907190,A,G,225.417
NC_000964.3,2907360,G,A,225.417
NC_000964.3,2907445,C,T,225.417
NC_000964.3,2907580,G,A,228.364
NC_000964.3,2907823,C,T,228.371
NC_000964.3,2907970,T,C,225.417
NC_000964.3,2908006,T,C,225.417
NC_000964.3,2908141,A,G,225.417
NC_000964.3,2908366,A,G,225.417
NC_000964.3,2908483,G,T,225.417
NC_000964.3,2908585,G,A,225.417
NC_000964.3,2908898,A,G,225.417
NC_000964.3,2908941,G,A,225.417
NC_000964.3,2909086,T,C,225.417
NC_000964.3,2909320,G,A,225.417
NC_000964.3,2910141,C,T,225.417
NC_000964.3,2911157,C,T,225.417
NC_000964.3,2911299,C,G,225.421
NC_000964.3,2911393,G,A,225.417
NC_000964.3,2911539,A,G,225.417
NC_000964.3,2911929,T,C,225.417
NC_000964.3,2911955,T,C,228.395
NC_000964.3,2912214,A,C,228.318
NC_000964.3,2912385,A,G,225.417
NC_000964.3,2912691,A,G,225.417
NC_000964.3,2912859,G,A,225.417
NC_000964.3,2913853,C,T,225.417
NC_000964.3,2913874,T,C,228.415
NC_000964.3,2913904,T,A,225.417
NC_000964.3,2913919,G,A,225.417
NC_000964.3,2913970,G,C,225.417
NC_000964.3,2914003,G,T,225.417
NC_000964.3,2914078,T,G,228.415
NC_000964.3,2914102,A,T,225.422
NC_000964.3,2914108,A,G,225.417
NC_000964.3,2914255,C,A,225.417
NC_000964.3,2914312,A,G,225.417
NC_000964.3,2914375,T,C,225.417
NC_000964.3,2914948,A,G,225.417
NC_000964.3,2915032,G,A,225.417
NC_000964.3,2915111,G,A,225.417
NC_000964.3,2915210,G,T,225.422
NC_000964.3,2915295,T,C,225.417
NC_000964.3,2915296,G,T,225.417
NC_000964.3,2915297,T,C,225.417
NC_000964.3,2915298,T,A,228.415
NC_000964.3,2915323,T,C,225.417
NC_000964.3,2915329,TGA,T,228.408
NC_000964.3,2915382,G,A,225.417
NC_000964.3,2915473,G,A,225.417
NC_000964.3,2915533,G,A,225.417
NC_000964.3,2915569,A,G,225.417
NC_000964.3,2915581,G,C,225.417
NC_000964.3,2915596,G,A,225.417
NC_000964.3,2915602,A,G,225.417
NC_000964.3,2915680,C,A,225.417
NC_000964.3,2915692,T,C,225.417
NC_000964.3,2915782,G,A,225.417
NC_000964.3,2915785,A,C,225.417
NC_000964.3,2915788,A,G,225.417
NC_000964.3,2915794,G,A,225.422
NC_000964.3,2915809,A,G,225.417
NC_000964.3,2915814,C,T,225.417
NC_000964.3,2915815,A,T,225.417
NC_000964.3,2915830,C,T,225.417
NC_000964.3,2915836,T,C,225.417
NC_000964.3,2915914,G,A,225.417
NC_000964.3,2915962,C,T,225.417
NC_000964.3,2916013,A,C,225.417
NC_000964.3,2916405,C,A,225.417
NC_000964.3,2916882,A,T,225.417
NC_000964.3,2926480,T,C,225.417
NC_000964.3,2926486,C,T,225.417
NC_000964.3,2926492,G,A,225.417
NC_000964.3,2926495,C,T,225.417
NC_000964.3,2926501,G,C,225.417
NC_000964.3,2926507,G,T,225.417
NC_000964.3,2926513,G,A,225.417
NC_000964.3,2926735,T,C,225.417
NC_000964.3,2926780,A,G,225.417
NC_000964.3,2926837,G,C,225.417
NC_000964.3,2926873,G,A,225.417
NC_000964.3,2926966,T,C,225.421
NC_000964.3,2927104,A,G,225.417
NC_000964.3,2927218,G,A,225.422
NC_000964.3,2927266,G,A,225.417
NC_000964.3,2927293,T,C,225.417
NC_000964.3,2927314,C,A,225.417
NC_000964.3,2927329,T,C,225.417
NC_000964.3,2927536,C,G,225.417
NC_000964.3,2927542,T,A,225.422
NC_000964.3,2927575,T,C,225.417
NC_000964.3,2927623,T,C,225.422
NC_000964.3,2927665,T,C,225.417
NC_000964.3,2927677,G,A,225.417
NC_000964.3,2927680,A,G,225.422
NC_000964.3,2927710,C,T,225.417
NC_000964.3,2927716,A,G,225.417
NC_000964.3,2927719,A,G,225.417
NC_000964.3,2927746,T,C,225.422
NC_000964.3,2927788,T,A,225.417
NC_000964.3,2927806,A,G,225.417
NC_000964.3,2927835,T,C,225.417
NC_000964.3,2927975,G,A,225.417
NC_000964.3,2928040,A,G,228.364
NC_000964.3,2928046,C,G,225.421
NC_000964.3,2928073,A,T,225.417
NC_000964.3,2928077,T,C,225.422
NC_000964.3,2928130,T,C,225.417
NC_000964.3,2928133,A,G,225.417
NC_000964.3,2928144,G,T,225.417
NC_000964.3,2928164,T,C,225.417
NC_000964.3,2928175,T,C,225.417
NC_000964.3,2928204,G,A,225.417
NC_000964.3,2928220,C,T,225.417
NC_000964.3,2928265,C,T,225.417
NC_000964.3,2928289,T,C,225.422
NC_000964.3,2928295,T,C,225.417
NC_000964.3,2928298,C,A,225.417
NC_000964.3,2928319,T,C,225.417
NC_000964.3,2928371,T,G,225.417
NC_000964.3,2928406,G,C,225.422
NC_000964.3,2928454,G,C,225.417
NC_000964.3,2928502,A,G,225.417
NC_000964.3,2928529,T,A,225.417
NC_000964.3,2928532,T,G,228.385
NC_000964.3,2928568,G,C,225.417
NC_000964.3,2928751,C,A,225.417
NC_000964.3,2928850,G,A,225.422
NC_000964.3,2928862,C,G,228.418
NC_000964.3,2928961,G,T,225.421
NC_000964.3,2928962,G,A,228.368
NC_000964.3,2929039,G,A,225.421
NC_000964.3,2929096,G,A,225.417
NC_000964.3,2929180,G,A,225.417
NC_000964.3,2929507,A,G,225.422
NC_000964.3,2929609,T,G,228.417
NC_000964.3,2929615,A,G,228.363
NC_000964.3,2929648,T,G,225.417
NC_000964.3,2929717,G,A,225.417
NC_000964.3,2929729,G,A,225.422
NC_000964.3,2929744,A,G,225.417
NC_000964.3,2929774,A,G,225.417
NC_000964.3,2930503,T,G,225.417
NC_000964.3,2930944,T,C,225.417
NC_000964.3,2951151,T,G,225.417
NC_000964.3,2959827,A,G,225.417
NC_000964.3,2964109,G,A,225.417
NC_000964.3,2981100,GT,GTT,228.4
NC_000964.3,2982417,T,A,225.417
NC_000964.3,2982437,T,C,225.417
NC_000964.3,2982572,TAAAAAAAA,TAAAAAAAAA,228.263
NC_000964.3,2991433,T,A,225.417
NC_000964.3,3099373,A,T,225.422
NC_000964.3,3116486,C,A,225.417
NC_000964.3,3145803,G,A,225.417
NC_000964.3,3178443,T,C,177.416
NC_000964.3,3249670,G,A,225.417
NC_000964.3,3254717,GAAAAAAAA,GAAAAAAA,228.296
NC_000964.3,3255469,A,C,225.417
NC_000964.3,3257317,G,A,225.417
NC_000964.3,3287529,C,T,225.417
NC_000964.3,3287714,A,G,225.417
NC_000964.3,3288650,A,T,225.417
NC_000964.3,3289174,T,C,225.417
NC_000964.3,3289823,G,A,225.417
NC_000964.3,3289846,A,T,225.417
NC_000964.3,3290017,A,G,228.36
NC_000964.3,3290084,C,T,225.417
NC_000964.3,3290124,C,T,225.422
NC_000964.3,3290613,G,A,225.422
NC_000964.3,3290826,T,C,225.417
NC_000964.3,3290909,T,G,225.417
NC_000964.3,3291036,T,C,228.426
NC_000964.3,3301885,G,A,225.417
NC_000964.3,3330918,G,A,225.417
NC_000964.3,3331068,G,A,225.417
NC_000964.3,3332381,G,A,225.417
NC_000964.3,3332427,G,A,225.417
NC_000964.3,3332445,G,A,225.417
NC_000964.3,3332459,C,G,225.417
NC_000964.3,3332486,T,C,225.417
NC_000964.3,3332492,G,A,228.418
NC_000964.3,3332579,A,G,225.417
NC_000964.3,3332666,A,G,225.422
NC_000964.3,3332906,C,T,225.417
NC_000964.3,3334244,G,C,225.417
NC_000964.3,3334304,A,C,225.417
NC_000964.3,3334311,T,G,228.418
NC_000964.3,3334321,C,T,225.417
NC_000964.3,3334331,A,C,225.417
NC_000964.3,3334340,T,C,228.349
NC_000964.3,3334364,A,G,225.422
NC_000964.3,3334410,C,T,225.417
NC_000964.3,3334682,T,A,225.417
NC_000964.3,3334713,G,A,225.417
NC_000964.3,3334750,A,T,225.417
NC_000964.3,3334771,G,A,225.417
NC_000964.3,3334773,T,C,225.417
NC_000964.3,3334775,G,A,225.417
NC_000964.3,3334805,A,G,225.417
NC_000964.3,3334807,G,T,225.417
NC_000964.3,3334810,A,C,228.412
NC_000964.3,3334854,G,A,228.34
NC_000964.3,3334862,A,G,228.329
NC_000964.3,3334867,C,T,228.333
NC_000964.3,3334868,G,A,228.33
NC_000964.3,3334870,A,G,225.417
NC_000964.3,3334872,C,T,225.417
NC_000964.3,3334876,T,C,225.417
NC_000964.3,3334894,C,A,225.417
NC_000964.3,3335021,T,A,225.417
NC_000964.3,3335035,T,A,225.422
NC_000964.3,3335145,C,T,225.422
NC_000964.3,3335368,A,G,225.417
NC_000964.3,3335387,C,A,228.393
NC_000964.3,3335398,TAAA,TAA,228.371
NC_000964.3,3335630,T,G,225.417
NC_000964.3,3335631,G,A,225.422
NC_000964.3,3335642,T,A,225.417
NC_000964.3,3335647,G,C,225.417
NC_000964.3,3335709,T,A,225.417
NC_000964.3,3335750,T,C,225.417
NC_000964.3,3335767,C,A,228.423
NC_000964.3,3335769,T,A,225.417
NC_000964.3,3335844,A,G,228.335
NC_000964.3,3335903,A,G,225.417
NC_000964.3,3335919,G,T,225.417
NC_000964.3,3335928,C,T,225.417
NC_000964.3,3335931,C,G,228.412
NC_000964.3,3335955,G,T,225.417
NC_000964.3,3335967,G,A,225.422
NC_000964.3,3335979,A,G,225.417
NC_000964.3,3335982,C,G,225.417
NC_000964.3,3335991,C,T,225.421
NC_000964.3,3335994,T,C,225.417
NC_000964.3,3336003,A,T,225.417
NC_000964.3,3336005,G,C,225.417
NC_000964.3,3336006,C,G,225.417
NC_000964.3,3336015,G,T,225.417
NC_000964.3,3336021,G,A,225.417
NC_000964.3,3336027,A,G,228.413
NC_000964.3,3336036,T,C,225.417
NC_000964.3,3336037,G,A,225.417
NC_000964.3,3336045,G,A,225.417
NC_000964.3,3336051,C,G,225.417
NC_000964.3,3336057,G,A,225.417
NC_000964.3,3336117,G,A,228.392
NC_000964.3,3336161,G,A,225.422
NC_000964.3,3336202,G,T,228.336
NC_000964.3,3336207,A,C,225.417
NC_000964.3,3336266,T,C,225.417
NC_000964.3,3336307,A,G,225.417
NC_000964.3,3336398,G,A,225.417
NC_000964.3,3336404,A,G,225.417
NC_000964.3,3336426,A,G,225.417
NC_000964.3,3336428,G,A,225.417
NC_000964.3,3336431,T,A,225.422
NC_000964.3,3336442,A,G,225.417
NC_000964.3,3336443,G,T,225.417
NC_000964.3,3336455,A,G,225.422
NC_000964.3,3336460,G,C,225.417
NC_000964.3,3336476,A,G,225.417
NC_000964.3,3336484,T,C,228.368
NC_000964.3,3336488,G,A,225.417
NC_000964.3,3336491,A,G,225.422
NC_000964.3,3336506,G,T,228.422
NC_000964.3,3336515,C,T,225.417
NC_000964.3,3336518,A,G,225.417
NC_000964.3,3336530,A,G,225.417
NC_000964.3,3336557,T,C,225.417
NC_000964.3,3336560,G,A,225.417
NC_000964.3,3336665,A,T,225.422
NC_000964.3,3336743,A,G,228.379
NC_000964.3,3336815,C,A,225.417
NC_000964.3,3336818,C,T,225.422
NC_000964.3,3336869,A,G,225.417
NC_000964.3,3336919,C,A,225.417
NC_000964.3,3345871,C,T,225.417
NC_000964.3,3346387,C,T,225.421
NC_000964.3,3391676,A,G,225.417
NC_000964.3,3391913,T,A,225.421
NC_000964.3,3393389,A,G,225.417
NC_000964.3,3510522,ATTTTTTT,ATTTTTTTT,228.368
NC_000964.3,3510686,T,C,228.414
NC_000964.3,3511652,C,T,225.417
NC_000964.3,3526566,G,T,225.417
NC_000964.3,3584431,G,A,225.417
NC_000964.3,3621938,ATTTTTTTTT,ATTTTTTTT,228.317
NC_000964.3,3640465,T,C,228.394
NC_000964.3,3648456,TCTGGCAGCACTGGCAGCACTGGCA,TCTGGCAGCACTGGCAGCACTGGCAGCACTGGCA,218.499
NC_000964.3,3658405,CCCAG,CCCAGCCGCTCAATCCCGGTTTAACAGCCAG,218.87
NC_000964.3,3696869,T,C,228.405
NC_000964.3,3701471,A,G,225.417
NC_000964.3,3701472,A,T,225.417
NC_000964.3,3701886,T,G,225.417
NC_000964.3,3736597,A,T,225.417
NC_000964.3,3738982,CT,CTT,228.387
NC_000964.3,3755795,T,C,225.417
NC_000964.3,3755959,G,A,225.417
NC_000964.3,3756038,A,G,225.417
NC_000964.3,3756333,G,A,225.417
NC_000964.3,3756500,A,C,225.417
NC_000964.3,3756535,G,A,225.422
NC_000964.3,3756603,T,C,228.403
NC_000964.3,3756633,C,T,225.417
NC_000964.3,3756644,A,G,225.417
NC_000964.3,3756653,C,T,225.417
NC_000964.3,3756660,A,G,225.417
NC_000964.3,3756676,T,C,225.422
NC_000964.3,3756679,C,T,225.417
NC_000964.3,3757017,A,C,225.417
NC_000964.3,3757134,T,C,225.417
NC_000964.3,3757263,C,T,228.325
NC_000964.3,3757296,G,T,228.413
NC_000964.3,3757434,A,T,225.417
NC_000964.3,3757440,C,T,225.417
NC_000964.3,3757452,G,A,225.417
NC_000964.3,3765552,C,T,225.417
NC_000964.3,3770058,GAAAAAAAA,GAAAAAAAAAA,228.228
NC_000964.3,3821549,T,A,225.422
NC_000964.3,3824152,A,G,225.417
NC_000964.3,3824258,G,C,225.417
NC_000964.3,3824265,A,G,225.422
NC_000964.3,3824504,T,C,225.417
NC_000964.3,3824526,T,C,225.417
NC_000964.3,3824565,G,A,225.417
NC_000964.3,3824598,C,A,225.422
NC_000964.3,3824607,A,T,225.417
NC_000964.3,3824611,T,A,225.421
NC_000964.3,3824624,T,C,225.417
NC_000964.3,3824666,C,T,228.373
NC_000964.3,3824673,T,A,225.417
NC_000964.3,3824699,G,T,228.385
NC_000964.3,3824737,C,G,225.417
NC_000964.3,3824738,A,T,225.417
NC_000964.3,3824748,A,G,225.417
NC_000964.3,3824757,G,A,225.417
NC_000964.3,3824851,T,C,225.417
NC_000964.3,3824863,G,A,225.417
NC_000964.3,3824875,T,A,225.417
NC_000964.3,3824890,G,A,225.417
NC_000964.3,3824899,A,T,225.417
NC_000964.3,3824986,C,T,225.417
NC_000964.3,3824995,A,G,225.422
NC_000964.3,3825018,C,T,228.429
NC_000964.3,3825058,T,C,228.416
NC_000964.3,3825154,C,T,225.417
NC_000964.3,3825157,C,G,225.417
NC_000964.3,3825159,T,A,225.417
NC_000964.3,3825199,G,A,225.417
NC_000964.3,3825208,C,T,225.417
NC_000964.3,3825244,A,T,225.417
NC_000964.3,3825262,G,A,225.422
NC_000964.3,3825295,T,C,225.417
NC_000964.3,3825307,G,A,225.417
NC_000964.3,3825349,T,C,225.417
NC_000964.3,3825370,C,T,225.417
NC_000964.3,3825384,C,T,225.422
NC_000964.3,3825394,G,T,225.417
NC_000964.3,3825457,T,C,225.417
NC_000964.3,3825634,G,A,225.422
NC_000964.3,3825697,T,G,225.417
NC_000964.3,3825706,T,C,225.417
NC_000964.3,3825754,G,A,225.417
NC_000964.3,3825757,G,C,225.417
NC_000964.3,3825799,G,A,225.417
NC_000964.3,3825820,A,T,225.417
NC_000964.3,3825832,T,C,225.417
NC_000964.3,3825841,G,A,225.417
NC_000964.3,3825856,T,A,225.422
NC_000964.3,3825910,C,T,225.417
NC_000964.3,3825964,A,G,225.417
NC_000964.3,3825967,T,C,225.422
NC_000964.3,3825985,T,C,225.417
NC_000964.3,3826090,G,A,225.417
NC_000964.3,3826364,G,A,228.368
NC_000964.3,3826370,A,C,225.417
NC_000964.3,3826382,T,G,225.417
NC_000964.3,3826439,C,T,225.417
NC_000964.3,3826451,G,T,228.413
NC_000964.3,3826541,G,A,225.417
NC_000964.3,3826553,G,A,225.422
NC_000964.3,3826742,T,C,225.417
NC_000964.3,3826880,C,T,225.417
NC_000964.3,3826924,T,A,225.417
NC_000964.3,3826931,T,C,225.417
NC_000964.3,3827057,T,G,225.417
NC_000964.3,3827060,T,G,228.423
NC_000964.3,3827108,A,T,225.417
NC_000964.3,3827132,T,C,225.422
NC_000964.3,3827147,C,G,228.388
NC_000964.3,3827150,G,A,225.417
NC_000964.3,3827173,G,A,225.417
NC_000964.3,3827411,C,G,225.417
NC_000964.3,3827438,C,G,225.417
NC_000964.3,3827537,A,C,225.417
NC_000964.3,3827561,A,G,225.417
NC_000964.3,3827642,C,G,225.422
NC_000964.3,3827651,A,G,225.422
NC_000964.3,3827654,A,G,225.422
NC_000964.3,3827669,T,C,228.39
NC_000964.3,3827717,T,A,225.417
NC_000964.3,3827735,G,A,225.417
NC_000964.3,3827759,T,C,225.417
NC_000964.3,3827831,A,G,225.417
NC_000964.3,3827840,C,T,225.417
NC_000964.3,3827846,G,A,225.417
NC_000964.3,3827861,G,A,225.417
NC_000964.3,3827924,T,A,228.357
NC_000964.3,3828017,T,C,225.422
NC_000964.3,3828026,C,G,225.417
NC_000964.3,3828068,A,C,228.415
NC_000964.3,3828152,A,G,225.417
NC_000964.3,3828164,G,A,225.417
NC_000964.3,3828173,T,C,225.417
NC_000964.3,3828302,T,C,228.424
NC_000964.3,3828476,G,A,228.422
NC_000964.3,3828509,G,A,225.417
NC_000964.3,3828574,C,T,225.422
NC_000964.3,3828665,G,A,225.417
NC_000964.3,3828677,C,G,225.417
NC_000964.3,3828686,G,A,225.417
NC_000964.3,3828703,G,C,225.417
NC_000964.3,3828707,C,T,225.417
NC_000964.3,3828710,G,T,228.42
NC_000964.3,3828728,G,A,225.422
NC_000964.3,3828748,G,T,225.417
NC_000964.3,3828761,C,G,225.417
NC_000964.3,3828764,G,A,225.417
NC_000964.3,3828776,T,C,225.417
NC_000964.3,3828779,G,C,225.417
NC_000964.3,3828793,A,C,225.417
NC_000964.3,3828794,A,G,225.417
NC_000964.3,3828796,T,C,225.417
NC_000964.3,3828808,C,T,225.417
NC_000964.3,3828812,A,G,225.422
NC_000964.3,3828818,A,G,225.417
NC_000964.3,3828844,T,G,225.417
NC_000964.3,3828875,T,G,225.421
NC_000964.3,3828905,C,T,225.417
NC_000964.3,3828907,G,A,225.417
NC_000964.3,3828908,A,G,225.417
NC_000964.3,3828917,A,G,225.417
NC_000964.3,3828929,A,C,225.417
NC_000964.3,3828947,C,T,225.422
NC_000964.3,3828950,A,C,228.422
NC_000964.3,3828953,A,G,225.417
NC_000964.3,3828962,A,C,228.398
NC_000964.3,3828965,T,C,225.417
NC_000964.3,3828971,G,A,225.422
NC_000964.3,3828995,A,G,225.417
NC_000964.3,3829007,C,T,225.417
NC_000964.3,3829022,C,A,225.422
NC_000964.3,3829040,A,G,228.393
NC_000964.3,3829046,C,G,225.417
NC_000964.3,3829073,T,C,225.417
NC_000964.3,3829085,T,G,225.417
NC_000964.3,3829094,C,T,228.391
NC_000964.3,3829100,G,C,225.417
NC_000964.3,3829106,A,G,228.345
NC_000964.3,3829142,G,A,225.417
NC_000964.3,3829159,A,G,225.417
NC_000964.3,3829184,A,G,225.417
NC_000964.3,3829193,G,T,225.417
NC_000964.3,3829235,A,G,228.349
NC_000964.3,3829253,T,C,225.417
NC_000964.3,3829256,T,C,225.421
NC_000964.3,3829259,A,C,225.417
NC_000964.3,3829262,A,G,225.417
NC_000964.3,3829295,A,T,225.422
NC_000964.3,3829301,T,G,225.422
NC_000964.3,3829310,C,A,225.417
NC_000964.3,3829316,A,G,228.376
NC_000964.3,3829319,C,T,225.422
NC_000964.3,3829322,G,C,225.417
NC_000964.3,3829325,G,A,225.417
NC_000964.3,3829331,T,C,225.417
NC_000964.3,3829352,G,C,225.417
NC_000964.3,3829358,A,G,225.417
NC_000964.3,3829376,G,A,225.417
NC_000964.3,3829379,T,C,225.417
NC_000964.3,3829439,C,T,225.417
NC_000964.3,3829451,A,C,225.417
NC_000964.3,3829457,C,G,225.417
NC_000964.3,3829463,A,G,225.417
NC_000964.3,3829508,G,A,225.417
NC_000964.3,3829550,C,T,225.417
NC_000964.3,3829551,G,T,225.417
NC_000964.3,3829552,T,C,225.417
NC_000964.3,3829553,C,T,225.417
NC_000964.3,3829558,A,G,225.417
NC_000964.3,3829571,C,T,225.417
NC_000964.3,3829577,G,A,225.417
NC_000964.3,3829583,C,T,225.417
NC_000964.3,3829613,G,C,225.417
NC_000964.3,3829730,T,A,225.417
NC_000964.3,3829778,G,A,225.417
NC_000964.3,3829850,C,T,225.417
NC_000964.3,3829859,A,G,225.422
NC_000964.3,3829980,G,T,225.417
NC_000964.3,3830075,C,A,225.426
NC_000964.3,3830156,A,G,225.422
NC_000964.3,3830974,A,G,225.417
NC_000964.3,3831423,G,T,225.417
NC_000964.3,3847925,G,A,225.417
NC_000964.3,3847928,T,C,225.417
NC_000964.3,3847934,C,T,225.422
NC_000964.3,3847982,A,G,225.417
NC_000964.3,3847994,C,G,225.417
NC_000964.3,3848333,A,G,225.422
NC_000964.3,3848504,A,G,225.417
NC_000964.3,3848942,T,C,225.417
NC_000964.3,3902306,C,A,225.417
NC_000964.3,3935822,ATTT,ATT,228.378
NC_000964.3,3967512,G,T,225.417
NC_000964.3,3967601,C,T,225.417
NC_000964.3,3967647,T,C,225.417
NC_000964.3,3967658,T,C,228.416
NC_000964.3,3967698,T,C,225.417
NC_000964.3,3967701,G,A,225.417
NC_000964.3,3967791,C,T,225.417
NC_000964.3,3967855,A,G,225.417
NC_000964.3,3967887,T,G,225.417
NC_000964.3,3968120,G,A,225.417
NC_000964.3,3968238,A,C,228.418
NC_000964.3,4032016,C,T,228.364
NC_000964.3,4032157,T,C,225.417
NC_000964.3,4032223,T,A,225.417
NC_000964.3,4032295,C,A,225.417
NC_000964.3,4032342,A,T,228.419
NC_000964.3,4032351,G,T,225.417
NC_000964.3,4032373,A,G,225.417
NC_000964.3,4032441,G,T,225.417
NC_000964.3,4032445,T,C,225.417
NC_000964.3,4032457,G,A,225.417
NC_000964.3,4032466,C,T,225.417
NC_000964.3,4032658,G,A,225.417
NC_000964.3,4032676,G,A,228.424
NC_000964.3,4032709,C,T,225.417
NC_000964.3,4032727,C,T,225.417
NC_000964.3,4032844,A,G,225.417
NC_000964.3,4041403,TAAAAAAA,TAAAAAA,228.298
NC_000964.3,4047116,A,G,225.417
NC_000964.3,4047147,G,C,228.364
NC_000964.3,4047200,A,G,225.417
NC_000964.3,4047340,G,A,225.417
NC_000964.3,4047369,C,T,225.422
NC_000964.3,4048335,A,G,225.422
NC_000964.3,4048395,T,C,225.417
NC_000964.3,4048425,A,G,225.417
NC_000964.3,4048491,T,G,228.416
NC_000964.3,4048515,C,T,228.415
NC_000964.3,4048536,A,C,228.416
NC_000964.3,4048587,T,C,228.42
NC_000964.3,4048695,A,G,228.407
NC_000964.3,4048717,T,C,225.417
NC_000964.3,4048732,G,A,225.417
NC_000964.3,4048887,C,G,225.422
NC_000964.3,4048946,C,A,225.417
NC_000964.3,4048947,A,G,228.417
NC_000964.3,4048950,C,T,225.417
NC_000964.3,4048962,A,G,225.417
NC_000964.3,4048967,T,C,225.417
NC_000964.3,4048983,G,A,225.417
NC_000964.3,4048989,C,G,225.417
NC_000964.3,4049002,TTAT,TT,192.325
NC_000964.3,4049015,T,A,225.417
NC_000964.3,4049021,T,C,225.417
NC_000964.3,4049099,G,A,228.396
NC_000964.3,4049108,T,G,225.422
NC_000964.3,4049114,A,G,225.422
NC_000964.3,4049126,T,C,225.422
NC_000964.3,4049138,C,G,228.386
NC_000964.3,4049165,T,C,225.417
NC_000964.3,4049198,T,C,225.422
NC_000964.3,4049201,G,A,225.417
NC_000964.3,4049219,G,A,228.392
NC_000964.3,4049261,G,A,225.421
NC_000964.3,4073690,G,T,225.417
NC_000964.3,4074577,A,G,225.426
NC_000964.3,4074706,A,T,225.417
NC_000964.3,4074709,A,G,225.417
NC_000964.3,4074733,A,G,225.417
NC_000964.3,4074758,A,T,228.419
NC_000964.3,4075055,G,A,228.423
NC_000964.3,4075109,G,A,225.417
NC_000964.3,4075166,G,A,228.423
NC_000964.3,4075319,A,G,225.417
NC_000964.3,4075325,A,G,225.422
NC_000964.3,4075340,G,A,225.417
NC_000964.3,4075349,G,A,228.411
NC_000964.3,4075496,G,A,225.417
NC_000964.3,4075529,G,A,225.417
NC_000964.3,4075532,T,A,225.422
NC_000964.3,4075664,C,A,225.422
NC_000964.3,4075667,T,C,225.417
NC_000964.3,4075710,A,G,228.42
NC_000964.3,4075926,G,A,225.417
NC_000964.3,4075980,A,G,225.417
NC_000964.3,4075989,G,A,225.417
NC_000964.3,4076022,A,T,225.417
NC_000964.3,4076032,C,T,228.405
NC_000964.3,4076064,C,T,225.417
NC_000964.3,4076067,G,A,225.417
NC_000964.3,4076205,T,C,225.417
NC_000964.3,4076208,A,C,225.417
NC_000964.3,4076214,G,A,225.417
NC_000964.3,4076220,T,C,225.422
NC_000964.3,4076232,A,G,225.417
NC_000964.3,4076238,G,A,225.417
NC_000964.3,4076250,C,A,225.417
NC_000964.3,4076277,G,C,225.417
NC_000964.3,4076283,G,A,225.417
NC_000964.3,4076307,G,A,225.417
NC_000964.3,4076313,A,G,225.417
NC_000964.3,4076364,G,A,225.417
NC_000964.3,4076376,A,C,225.417
NC_000964.3,4076379,C,T,225.417
NC_000964.3,4076385,G,A,225.417
NC_000964.3,4076388,G,C,225.417
NC_000964.3,4076394,A,G,225.417
NC_000964.3,4076400,G,A,225.417
NC_000964.3,4076403,C,T,225.417
NC_000964.3,4076409,T,C,228.415
NC_000964.3,4095811,C,T,225.417
NC_000964.3,4155390,CAAAAA,CAAAAAA,228.278
NC_000964.3,4205491,T,C,225.417
NC_000964.3,4205493,G,A,225.417
NC_000964.3,4205518,A,ATG,228.375
NC_000964.3,4205519,AT,A,57.3682
NC_000964.3,4205567,G,T,228.411
NC_000964.3,4205694,C,T,225.417
NC_000964.3,4205760,C,T,225.417
NC_000964.3,4205784,T,C,225.422
NC_000964.3,4205889,G,A,225.417
NC_000964.3,4205907,T,C,225.417
NC_000964.3,4206015,A,C,225.417
NC_000964.3,4206017,G,A,225.422
NC_000964.3,4206021,G,A,225.422
NC_000964.3,4206242,G,A,225.417
NC_000964.3,4206742,A,T,225.417
NC_000964.3,4206751,A,G,225.417
NC_000964.3,4207409,G,A,225.417
NC_000964.3,4207585,A,G,225.417
NC_000964.3,4207600,G,A,225.422
NC_000964.3,4207687,A,G,225.417
NC_000964.3,4207762,A,G,228.376
NC_000964.3,4207856,G,A,225.417
NC_000964.3,4209149,G,T,225.422
NC_000964.3,4209155,C,T,225.417
NC_000964.3,4209212,G,A,225.417
NC_000964.3,4209248,T,C,225.417
NC_000964.3,4209254,C,T,225.417
NC_000964.3,4209272,A,G,225.417
NC_000964.3,4209281,G,A,225.417
NC_000964.3,4209284,T,C,225.417
NC_000964.3,4209307,G,T,225.417
NC_000964.3,4209362,A,G,225.417
NC_000964.3,4209606,C,T,225.417
NC_000964.3,4209693,C,T,225.417
NC_000964.3,4209756,A,G,225.422
NC_000964.3,4209777,G,A,225.417
NC_000964.3,4209894,C,T,225.417
NC_000964.3,4209948,T,C,225.417
NC_000964.3,4210099,G,A,225.417
NC_000964.3,4210131,A,G,225.417
NC_000964.3,4210283,G,A,225.417
NC_000964.3,4210287,T,C,225.417
NC_000964.3,4210368,T,A,225.417
NC_000964.3,4210383,G,A,225.417
NC_000964.3,4210392,A,G,225.417
NC_000964.3,4210413,G,T,228.397
NC_000964.3,4210431,T,G,225.422
NC_000964.3,4210632,A,T,225.417
NC_000964.3,4210635,G,T,225.422
NC_000964.3,4210644,G,A,225.417
NC_000964.3,4210656,T,C,225.417
NC_000964.3,4210662,G,A,225.417
NC_000964.3,4210674,C,T,225.417
NC_000964.3,4210734,A,G,228.416
NC_000964.3,4211154,C,T,228.369
NC_000964.3,4211690,A,G,225.422
NC_000964.3,4211695,T,A,228.419
NC_000964.3,4211758,G,A,225.417
NC_000964.3,4211869,G,C,225.417
NC_000964.3,4212083,A,G,225.417
NC_000964.3,4212146,A,G,225.417
NC_000964.3,4212271,T,C,228.393
NC_000964.3,4212356,A,G,225.417
NC_000964.3,4212479,G,A,228.407
NC_000964.3,4212518,T,A,225.417
NC_000964.3,4212521,G,C,225.417
NC_000964.3,4212551,A,G,225.417
NC_000964.3,4212587,A,G,225.417
NC_000964.3,4212632,A,T,225.417
NC_000964.3,4212641,G,A,225.417
NC_000964.3,4212650,T,C,225.422
NC_000964.3,4212848,G,A,225.417
NC_000964.3,4213143,A,G,225.417
NC_000964.3,4213239,T,C,225.422
NC_000964.3,4213242,A,T,225.417
NC_000964.3,4213323,G,A,225.417
NC_000964.3,4213494,G,A,225.417
NC_000964.3,4213500,A,G,225.417
NC_000964.3,4213521,C,T,225.417
NC_000964.3,4214324,C,A,225.417
